{"cameraMode":{"drawMode":0,"name":"Shaded","section":"Shading Mode"},"sceneLighting":true,"audioPlay":false,"sceneViewState":{"showFog":true,"showMaterialUpdate":false,"showSkybox":true,"showFlares":true,"showImageEffects":true,"showParticleSystems":true},"in2DMode":false,"pivot":{"x":-6.169771671295166,"y":-5.507098197937012,"z":14.03061294555664},"rotation":{"x":0.17226648330688477,"y":-0.20376145839691163,"z":0.036444440484046939,"w":0.9630690813064575},"size":16.73838233947754,"orthographic":false}