{"cameraMode":{"drawMode":0,"name":"Shaded","section":"Shading Mode"},"sceneLighting":true,"audioPlay":false,"sceneViewState":{"showFog":true,"showMaterialUpdate":false,"showSkybox":true,"showFlares":true,"showImageEffects":true,"showParticleSystems":true},"in2DMode":false,"pivot":{"x":1.1148648262023926,"y":-1.4326889514923096,"z":27.583145141601564},"rotation":{"x":0.026991624385118486,"y":0.019488561898469926,"z":-0.0005304311634972692,"w":0.9994776844978333},"size":27.95223045349121,"orthographic":false}