{"cameraMode":{"drawMode":0,"name":"Shaded","section":"Shading Mode"},"sceneLighting":true,"audioPlay":false,"sceneViewState":{"showFog":true,"showMaterialUpdate":false,"showSkybox":true,"showFlares":true,"showImageEffects":true,"showParticleSystems":true},"in2DMode":false,"pivot":{"x":9.817276000976563,"y":-9.753569602966309,"z":18.48749542236328},"rotation":{"x":0.22571156919002534,"y":0.2676977217197418,"z":-0.06467171758413315,"w":0.9344890117645264},"size":27.37940788269043,"orthographic":false}