{"cameraMode":{"drawMode":0,"name":"Shaded","section":"Shading Mode"},"sceneLighting":true,"audioPlay":false,"sceneViewState":{"showFog":true,"showMaterialUpdate":false,"showSkybox":true,"showFlares":true,"showImageEffects":true,"showParticleSystems":true},"in2DMode":false,"pivot":{"x":-9.591875076293946,"y":-4.998630523681641,"z":7.122683048248291},"rotation":{"x":0.17483071982860566,"y":-0.549465537071228,"z":0.11883684992790222,"w":0.8083442449569702},"size":14.201948165893555,"orthographic":false}